<launch>
    <let name="urdf_path" 
         value="$(find-pkg-share the_robot_description)/urdf/robot.xacro" />
    <let name="gazebo_config_path"
         value="$(find-pkg-share the_robot_bringup)/config/gazebo_bridge.yaml" />
    <let name="rviz_config_path"
         value="$(find-pkg-share the_robot_description)/rviz/urdf_car.rviz" />

    <node pkg="robot_state_publisher" exec="robot_state_publisher">
        <param name="robot_description"
               value="$(command 'xacro $(var urdf_path)')" />
    </node>
    <node pkg="joint_state_publisher" exec="joint_state_publisher" />

    <include file="$(find-pkg-share ros_gz_sim)/launch/gz_sim.launch.py">
        <arg name="gz_args" value="$(find-pkg-share the_robot_bringup)/worlds/world.sdf -r" />
        <!-- <arg name="gz_args" value="empty.sdf -r" /> -->
    </include>

    <node pkg="ros_gz_sim" exec="create" args="-topic robot_description" />

    <node pkg="ros_gz_bridge" exec="parameter_bridge">
        <param name="config_file" value="$(var gazebo_config_path)" />
    </node>

    <node pkg="rviz2" exec="rviz2" output="screen" 
          args="-d $(var rviz_config_path)" />
</launch>